tab,product,spend,sales
CC_AUS,Glass Coat,55.76,244.55
CC_AUS,Headlight Kit,286.29,2415.22
CC_AUS,Paint Sealant,66.69,225.65
CC_AUS,Plastic Restorer,68.24,109.26
CC_AUS,Tire Coat,61.4,491.15
CC_AUS,Trim Coat,128.53,1053.4
CC_AUS,_TOTAL_,666.91,4539.23
CC_CA,Headlight Kit,2123.35,15741.71
CC_CA,Paint Sealant,427.23,2416.97
CC_CA,Plastic Restorer,266.84,1488.39
CC_CA,Tire Coat,480.07,1838.37
CC_CA,Trim Coat,577.15,4222.6
CC_CA,_TOTAL_,3875.35,25708.04
CC_DE,Glass Coat,72.1,64.27
CC_DE,Headlight Kit,128.97,980.78
CC_DE,Paint Sealant,151.09,399.72
CC_DE,Tire Coat,456.4,946.41
CC_DE,Trim Coat,256.29,493.22
CC_DE,_TOTAL_,1064.85,2884.4
CC_ES,Glass Coat,0.0,0.0
CC_ES,Headlight Kit,222.92,918.68
CC_ES,Paint Sealant,34.36,188.81
CC_ES,Tire Coat,8.03,14.01
CC_ES,Trim Coat,36.03,272.09
CC_ES,_TOTAL_,301.34,1393.59
CC_FR,Glass Coat,16.22,74.82
CC_FR,Headlight Kit,687.79,1414.88
CC_FR,Paint Sealant,2.28,0.0
CC_FR,Tire Coat,104.17,223.56
CC_FR,Trim Coat,45.39,189.55
CC_FR,_TOTAL_,855.85,1902.81
CC_IT,Headlight Kit,167.73,413.82
CC_IT,Paint Sealant,16.65,18.81
CC_IT,Plastic Restorer,43.41,99.74
CC_IT,Tire Coat,49.25,301.83
CC_IT,Trim Coat,82.58,229.77
CC_IT,Wheel Sealant,0.0,0.0
CC_IT,_TOTAL_,359.62,1063.97
CC_NL,Glass Coat,15.69,48.63
CC_NL,Headlight Kit,46.83,238.55
CC_NL,Interior Detailer,2.01,21.4
CC_NL,Plastic Restorer,7.83,31.32
CC_NL,Tire Coat,24.68,98.07
CC_NL,Trim Coat,14.62,133.72
CC_NL,_TOTAL_,111.66,571.69
CC_SA,Glass Coat,3.81,71.95
CC_SA,Headlight Kit,21.76,799.45
CC_SA,Microfiber Towels,6.21,134.85
CC_SA,Paint Sealant,50.39,162.18
CC_SA,Wheel Sealant,16.83,84.95
CC_SA,_TOTAL_,99.0,1253.38
CC_UK,Glass Coat,0.63,0.0
CC_UK,Headlight Kit,33.14,104.72
CC_UK,Interior Detailer,17.11,9.12
CC_UK,Paint Sealant,128.88,189.41
CC_UK,Plastic Restorer,90.64,374.58
CC_UK,Tire Coat,211.9,914.78
CC_UK,Vehicle Shampoo,13.35,43.16
CC_UK,_TOTAL_,495.65,1635.77
CC_US,Glass Coat,465.94,2602.77
CC_US,Headlight Kit,14561.94,73224.22
CC_US,Interior Detailer,318.64,1495.24
CC_US,Microfiber Towels,20.23,406.54
CC_US,Paint Sealant,2948.27,13715.61
CC_US,Plastic Restorer,1549.03,8926.44
CC_US,Pro Ceramic Coating,933.55,5792.87
CC_US,Tire Coat,2015.83,8702.96
CC_US,Trim Coat,5820.71,30771.47
CC_US,Vehicle Shampoo,350.86,1850.04
CC_US,Wheel Sealant,122.24,913.41
CC_US,_TOTAL_,29402.76,150081.9
CL_US,B0B94PYZKW,30.91,229.94
CL_US,B0B94RT7J7,51.34,179.99
CL_US,B0BMJCDZMK,0.0,0.0
CL_US,B0BMJLWV7C,1.5,0.0
CL_US,B0BMJM26HP,96.69,739.03
CL_US,B0BMJM7RB5,96.83,512.17
CL_US,B0CJRV63CT,262.85,1408.93
CL_US,B0CJRVJFPR,0.0,0.0
CL_US,B0CJRWK18R,25.11,86.35
CL_US,B0CJRX3LHC,81.81,352.7
CL_US,B0CJRXFW47,0.0,0.0
CL_US,B0CJRXFW4F,41.47,201.9
CL_US,B0CJRXKWBN,125.36,1457.21
CL_US,B0CKZLGRVL,4.53,560.75
CL_US,B0CL14BYN9,32.5,359.8
CL_US,B0CL14NFZG,1.76,0.0
CL_US,B0CL198163,36.03,304.2
CL_US,B0DDZ6CGK9,21.75,100.95
CL_US,B0DVPJNVN9,45.01,239.85
CL_US,_TOTAL_,1099.04,7244.87
PP_US,B00MI516TO,49.42,288.82
PP_US,B00MI5357U,151.0,1349.55
PP_US,B07WRS4FMH,12.64,23.99
PP_US,B08C5KXZQK,276.23,872.69
PP_US,B08C5M41L8,17.3,183.25
PP_US,B0BW2657Z5,10.9,104.29
PP_US,B0CWVWKS22,59.01,314.56
PP_US,B0CWWC2JW9,8.79,101.17
PP_US,B0CWWKZZB9,4.37,121.19
PP_US,B0CWWL36WC,6.42,0.0
PP_US,B0CWWL4KWK,12.07,0.0
PP_US,B0CXVYK7JJ,35.2,87.32
PP_US,B0CXWM4TW2,4.72,55.88
PP_US,B0CY3H9K1L,128.95,644.73
PP_US,B0DDY9HQ9F,24.02,107.29
PP_US,_TOTAL_,1110.15,4855.12
