start,sales,units,sessions,ad_cost,ads_acos
2026-02-23,26288.11,393,4475,3860.88,80.65
2026-03-02,23161.39,304,3800,4397.15,128.78
2026-03-09,24843.64,337,4177,4319.87,123.27
2026-03-16,23646.24,333,4536,3878.7,67.17
2026-03-23,25587.24,358,4340,3564.83,44.49
2026-03-30,22628.89,330,4044,3578.53,75.83
2026-04-06,25921.18,342,4533,3603.44,50.02
2026-04-13,20696.68,279,3473,2889.53,60.58
2026-04-20,24741.99,324,3686,2946.6,53.37
2026-04-27,20242.8,252,3224,2955.22,51.39
2026-05-04,21520.04,287,2856,2903.02,56.14
2026-05-11,18084.24,244,2444,3209.88,74.66
2026-05-18,20570.26,268,3173,3348.21,59.88
2026-05-25,19636.45,279,3623,3832.2,95.59
2026-06-01,19209.17,269,2860,3508.44,76.22
2026-06-08,16979.37,234,2513,3461.47,67.25
2026-06-15,19915.18,268,2995,3256,61.34
2026-06-22,21179.26,289,3180,3881.63,59.99
2026-06-29,19136.08,259,2742,3481.56,73.34
2026-07-06,15955.08,236,2630,3258.65,61.02
2026-07-13,18723.59,254,2607,1573.06,37.68
2026-07-20,16533.86,234,2085,729.56,22.56
2026-07-27,18231.12,254,1990,712.99,42.52
2026-08-03,22382.3,292,2424,851.03,51.27
2026-08-10,20498.98,288,2412,932.29,54.2
2026-08-17,20131.44,300,2517,934.86,67.68
2026-08-24,19947.72,275,2397,933.4,40.39
2026-08-31,21669.35,314,2280,935.77,64.53
2026-09-07,20895.22,322,2228,976.54,60.49
2026-09-14,27871.57,377,3180,1091.35,36.46
