we,tab,old_revenue,old_units,old_sessions,old_adSpend,old_adSales,new_revenue,new_units,new_sessions,new_adSpend,new_adSales,note
2026-03-01,CC_US,381206.98,21261.0,163831.0,53238.64,175935.27,380865.14,21264.0,104508.0,53238.64,175802.62,
2026-03-01,CC_CA,16522.52,814.0,6504.0,1775.16,12096.42,20270.39,814.0,6715.0,1775.16,12046.52,
2026-03-01,CC_UK,22159.32,1010.0,5642.0,2651.14,7965.85,16390.08,1007.0,5679.0,2651.14,7950.89,
2026-03-01,CL_US,26379.4,393.0,4439.0,3860.87,13325.82,26288.11,393.0,4475.0,3860.88,13325.82,
2026-03-01,PP_US,17370.99,580.0,3092.0,2763.93,9824.87,17234.98,580.0,3152.0,2769.27,9824.87,
2026-03-08,CC_US,402683.17,22436.0,173231.0,51153.8,191617.52,402102.61,22438.0,109601.0,51151.36,191419.54,
2026-03-08,CC_CA,17364.87,850.0,7807.0,2436.83,12984.99,21274.41,850.0,8044.0,2436.83,12984.99,
2026-03-08,CC_UK,22091.17,1028.0,6398.0,2802.32,8432.26,16420.86,1028.0,6441.0,2802.32,8432.26,
2026-03-08,CC_FR,552.23,22.0,140.0,0.0,0.0,475.8,22.0,171.0,0.0,0.0,
2026-03-08,CC_DE,63.05,5.0,42.0,0.0,0.0,54.41,5.0,81.0,0.0,0.0,
2026-03-08,CC_IT,273.8,14.0,134.0,0.0,0.0,213.32,13.0,260.0,0.0,0.0,
2026-03-08,CC_ES,482.45,21.0,162.0,0.0,0.0,376.98,19.0,244.0,0.0,0.0,
2026-03-08,CC_NL,633.08,28.0,152.0,0.0,0.0,457.51,23.0,196.0,0.0,0.0,
2026-03-08,CL_US,23440.14,306.0,3775.0,4397.13,11200.99,23161.39,304.0,3800.0,4397.15,11200.99,
2026-03-08,PP_US,16090.97,535.0,3073.0,2817.7,8390.64,16054.1,535.0,3079.0,2817.83,8390.64,
2026-03-15,CC_US,450024.21,25121.0,179956.0,56012.09,212757.31,449325.17,25112.0,119850.0,55926.63,213109.21,
2026-03-15,CC_CA,21335.47,1034.0,9010.0,3276.97,17047.68,26148.51,1034.0,9276.0,3265.02,17112.48,
2026-03-15,CC_UK,31347.46,1678.0,9583.0,4177.77,12500.19,23427.24,1682.0,9669.0,4177.77,12500.19,
2026-03-15,CC_FR,1366.05,52.0,573.0,519.53,780.6,1290.21,57.0,646.0,519.53,780.6,
2026-03-15,CC_DE,1748.6,77.0,783.0,0.0,0.0,1489.94,77.0,814.0,0.0,0.0,
2026-03-15,CC_IT,250.12,11.0,137.0,0.0,0.0,237.4,12.0,255.0,0.0,0.0,
2026-03-15,CC_ES,607.51,25.0,313.0,0.0,0.0,605.03,28.0,434.0,0.0,0.0,
2026-03-15,CC_NL,1761.59,77.0,251.0,0.0,0.0,1610.9,82.0,295.0,0.0,0.0,
2026-03-15,CL_US,25007.74,339.0,4177.0,4320.15,10917.54,24843.64,337.0,4177.0,4319.87,10917.54,
2026-03-15,PP_US,15636.49,521.0,3039.0,2261.07,8495.13,15569.8,521.0,3042.0,2259.04,8495.13,
2026-03-22,CC_US,446438.73,24176.0,131925.0,8249.15,37915.29,433365.07,24098.0,115049.0,52096.86,207795.26,product blocks dropped (sheet product data unusable this week)
2026-03-22,CC_CA,19877.68,967.0,6512.0,518.85,3071.87,24386.01,962.0,8096.0,2961.19,16113.25,product blocks dropped (sheet product data unusable this week)
2026-03-22,CC_UK,36583.85,1689.0,10153.0,884.19,2853.34,27034.6,1696.0,10240.0,4879.37,16029.96,product blocks dropped (sheet product data unusable this week)
2026-03-22,CC_DE,185.22,12.0,328.0,0.0,0.0,158.5,12.0,355.0,0.0,0.0,
2026-03-22,CC_IT,16.17,1.0,10.0,0.0,0.0,13.95,1.0,74.0,0.0,0.0,product sessions estimated from unit share
2026-03-22,CC_ES,45.51,3.0,39.0,0.0,0.0,52.22,4.0,89.0,0.0,0.0,
2026-03-22,CC_NL,57.53,4.0,10.0,0.0,0.0,51.8,4.0,39.0,0.0,0.0,
2026-03-22,CL_US,24131.61,333.0,3998.0,632.39,3300.47,23646.24,333.0,4536.0,3878.7,5774.45,
2026-03-22,PP_US,14903.05,470.0,2353.0,261.75,903.33,14437.6,465.0,2601.0,1773.42,3174.76,
2026-03-29,CC_US,607712.91,34792.0,201044.0,85038.39,283257.77,566098.28,33885.0,163799.0,96155.57,300614.57,
2026-03-29,CC_CA,39346.74,2227.0,13316.0,4129.54,24115.64,48400.35,2207.0,13618.0,4346.09,24790.58,
2026-03-29,CC_UK,35536.88,1626.0,9892.0,4927.16,15813.73,26133.57,1611.0,10003.0,4804.63,15287.04,
2026-03-29,CC_FR,2281.81,86.0,851.0,649.35,1251.94,1928.92,85.0,909.0,878.64,1709.16,
2026-03-29,CC_DE,5596.02,245.0,1208.0,0.0,0.0,4579.09,235.0,1491.0,0.0,0.0,
2026-03-29,CC_IT,294.55,13.0,177.0,0.0,0.0,256.35,13.0,305.0,0.0,0.0,
2026-03-29,CC_ES,553.99,23.0,285.0,0.0,0.0,479.58,23.0,391.0,0.0,0.0,
2026-03-29,CC_NL,969.39,42.0,240.0,0.0,0.0,827.9,42.0,283.0,0.0,0.0,
2026-03-29,CL_US,0.0,0.0,0.0,3570.49,16924.48,25587.24,358.0,4340.0,3564.83,16924.48,
2026-03-29,PP_US,0.0,0.0,0.0,1506.1,7178.73,15152.96,505.0,2463.0,1552.31,7178.73,
2026-04-05,CC_US,501320.48,29211.0,181194.0,83589.29,261496.93,508052.35,29109.0,141110.0,83459.58,266909.99,
2026-04-05,CC_CA,30556.34,1630.0,10831.0,4028.15,18523.91,38526.1,1625.0,13040.0,4020.59,18958.11,
2026-04-05,CC_UK,34332.58,1585.0,9555.0,4272.37,13431.44,25940.55,1590.0,9628.0,4272.37,13514.52,
2026-04-05,CC_FR,3888.99,150.0,1383.0,1402.58,1960.2,3282.5,147.0,1549.0,1402.58,2017.56,
2026-04-05,CC_DE,7717.59,332.0,1927.0,0.0,0.0,5986.17,307.0,2143.0,0.0,0.0,
2026-04-05,CC_IT,1047.36,40.0,546.0,0.0,0.0,867.05,39.0,815.0,0.0,0.0,
2026-04-05,CC_ES,771.04,31.0,510.0,0.0,0.0,631.83,30.0,644.0,0.0,0.0,
2026-04-05,CC_NL,1427.84,61.0,396.0,0.0,0.0,1138.1,58.0,471.0,0.0,0.0,
2026-04-05,CL_US,22727.62,335.0,3488.0,3585.83,11799.93,22628.89,330.0,4044.0,3578.53,11799.93,
2026-04-05,PP_US,16050.04,539.0,2807.0,1595.53,7237.37,15802.69,527.0,2759.0,1587.87,7237.37,
2026-04-12,CC_US,469957.7,26595.0,199604.0,54780.39,220395.01,477447.35,26549.0,124532.0,54733.7,227105.42,
2026-04-12,CC_CA,28241.49,1421.0,12224.0,3879.68,18391.91,35521.29,1416.0,12789.0,3881.11,19145.86,
2026-04-12,CC_UK,37005.23,1707.0,10035.0,4131.71,14229.3,27474.37,1705.0,9973.0,4130.93,14424.54,
2026-04-12,CC_FR,2406.95,95.0,1066.0,895.45,1281.12,2144.07,98.0,1345.0,895.45,1282.1,
2026-04-12,CC_DE,5426.33,242.0,2739.0,184.51,603.76,4280.87,223.0,2990.0,184.51,603.76,
2026-04-12,CC_IT,1131.0,46.0,933.0,169.24,255.09,951.92,46.0,1069.0,169.24,255.09,
2026-04-12,CC_ES,915.38,39.0,615.0,158.56,307.58,785.88,39.0,908.0,158.56,343.86,
2026-04-12,CC_NL,1678.92,71.0,0.0,6.75,241.54,1354.16,69.0,1078.0,6.75,241.54,product sessions estimated from unit share
2026-04-12,CL_US,25665.92,349.0,4560.0,3598.68,13944.58,25921.18,342.0,4533.0,3603.44,13944.58,
2026-04-12,PP_US,17635.41,579.0,2847.0,1429.76,8635.16,16744.87,551.0,2824.0,1428.73,8635.16,
2026-04-19,CC_US,445672.21,25397.0,192176.0,43387.5,196558.58,454039.97,25360.0,144181.0,43376.57,201095.94,
2026-04-19,CC_CA,35787.29,1773.0,11345.0,3894.59,23091.2,44543.72,1780.0,13539.0,3891.36,23712.95,
2026-04-19,CC_UK,31106.37,1446.0,8593.0,3195.81,11610.11,23188.77,1440.0,8698.0,3194.7,11806.18,
2026-04-19,CC_FR,3630.68,141.0,1531.0,1198.88,1787.96,3031.02,138.0,1656.0,1198.88,1787.96,
2026-04-19,CC_DE,10657.7,466.0,2904.0,378.25,989.48,8885.38,456.0,2994.0,378.25,1006.24,
2026-04-19,CC_IT,1530.77,61.0,1217.0,342.33,680.19,1317.95,61.0,1602.0,342.09,680.19,
2026-04-19,CC_ES,2321.13,92.0,1112.0,301.24,600.84,1961.08,91.0,1474.0,301.24,600.84,
2026-04-19,CC_NL,2183.39,97.0,667.0,11.36,234.93,1867.15,97.0,794.0,11.36,234.93,
2026-04-19,CL_US,20571.44,288.0,3096.0,2894.38,12018.91,20696.68,279.0,3473.0,2889.53,12018.91,
2026-04-19,PP_US,14993.01,514.0,2184.0,1272.74,7238.79,14550.77,494.0,2450.0,1266.83,7238.79,
2026-04-26,CC_US,458994.98,24238.0,88491.0,32564.34,160236.64,435579.53,24142.0,114138.0,42763.77,203562.47,
2026-04-26,CC_CA,45822.95,2309.0,8376.0,765.35,4669.86,56961.65,2279.0,16129.0,4972.58,32229.37,product blocks dropped (sheet product data unusable this week)
2026-04-26,CC_UK,39124.0,1836.0,4452.0,906.44,3073.8,28991.53,1814.0,10658.0,3678.7,14038.44,product blocks dropped (sheet product data unusable this week)
2026-04-26,CC_FR,4213.42,163.0,968.0,195.46,445.57,3566.03,161.0,1965.0,1399.22,2044.14,product blocks dropped (sheet product data unusable this week)
2026-04-26,CC_DE,13958.88,606.0,2084.0,165.98,147.44,11659.79,591.0,3607.0,1069.9,1759.93,product blocks dropped (sheet product data unusable this week)
2026-04-26,CC_IT,2179.71,88.0,890.0,76.56,126.75,1783.9,82.0,1807.0,543.86,993.9,product blocks dropped (sheet product data unusable this week)
2026-04-26,CC_ES,2511.51,105.0,796.0,62.34,86.57,2212.68,106.0,1499.0,441.04,976.54,product blocks dropped (sheet product data unusable this week)
2026-04-26,CC_NL,939.96,79.0,231.0,4.45,65.96,1445.25,75.0,649.0,9.43,145.93,
2026-04-26,CL_US,27763.11,370.0,2231.0,431.6,1822.0,24741.99,324.0,3686.0,2946.6,5521.08,
2026-04-26,PP_US,18538.01,605.0,1534.0,229.63,730.74,17115.23,582.0,2609.0,1355.43,2765.62,
2026-05-03,CC_US,447170.48,23308.0,106411.0,37282.97,166007.5,425195.58,23287.0,107462.0,43333.29,194469.24,
2026-05-03,CC_CA,49484.31,2436.0,5563.0,5302.22,29258.25,60858.62,2428.0,17975.0,6019.98,34480.14,
2026-05-03,CC_UK,30667.29,2018.0,8999.0,4299.11,14266.92,31744.22,2011.0,12660.0,4988.66,16934.33,
2026-05-03,CC_FR,3696.92,189.0,1438.0,1191.08,1894.63,4121.7,185.0,2003.0,1354.97,2316.01,
2026-05-03,CC_DE,10922.79,684.0,2800.0,1105.27,2420.96,12691.23,667.0,3951.0,1272.6,2720.88,
2026-05-03,CC_IT,1209.4,69.0,753.0,454.4,649.4,1575.44,75.0,1307.0,520.42,879.12,
2026-05-03,CC_ES,1992.48,125.0,777.0,404.58,1053.71,2617.98,125.0,1323.0,469.11,1358.42,
2026-05-03,CC_NL,1226.49,78.0,310.0,7.23,103.85,1564.95,81.0,563.0,8.51,120.34,
2026-05-03,CL_US,28073.53,377.0,3211.0,2484.6,12957.24,20242.8,252.0,3224.0,2955.22,5750.57,
2026-05-03,PP_US,21060.18,698.0,2143.0,1380.51,8875.31,19144.27,658.0,2938.0,1585.0,3355.21,
2026-05-10,CC_US,432429.56,22509.0,21416.0,43771.34,189571.87,411949.31,22527.0,103429.0,43779.16,189434.99,product sessions estimated from unit share
2026-05-10,CC_CA,51080.09,2523.0,2523.0,7154.55,37986.42,63528.91,2525.0,18746.0,7155.31,37986.42,product sessions estimated from unit share
2026-05-10,CC_UK,38310.55,1802.0,2053.0,4558.7,14990.74,28542.26,1801.0,12012.0,4558.7,14990.74,product sessions estimated from unit share
2026-05-10,CC_FR,5207.12,199.0,0.0,1390.88,2235.34,4423.67,198.0,1890.0,1390.88,2200.44,product sessions estimated from unit share
2026-05-10,CC_DE,14217.09,638.0,610.0,1274.75,2670.33,12217.48,643.0,3695.0,1274.75,2687.09,product sessions estimated from unit share
2026-05-10,CC_IT,2112.34,87.0,155.0,669.86,927.24,1729.78,82.0,1466.0,669.86,927.24,product sessions estimated from unit share
2026-05-10,CC_ES,2677.55,113.0,203.0,654.04,893.48,2210.91,107.0,1466.0,654.04,911.62,product sessions estimated from unit share
2026-05-10,CC_NL,1280.92,58.0,77.0,12.39,178.06,1121.1,58.0,626.0,12.39,178.06,product sessions estimated from unit share
2026-05-10,CL_US,25577.51,360.0,488.0,2900.16,12094.92,21520.04,287.0,2856.0,2903.02,12094.92,
2026-05-10,PP_US,15535.36,487.0,422.0,1183.75,6294.52,14061.89,469.0,2222.0,1187.93,6294.52,
2026-05-17,CC_US,451012.68,23811.0,0.0,49451.32,202945.37,430335.74,23750.0,108834.0,49442.31,203101.99,product sessions estimated from unit share
2026-05-17,CC_CA,48204.71,2418.0,0.0,7041.93,38483.31,60575.83,2406.0,17776.0,7040.67,38718.14,product sessions estimated from unit share
2026-05-17,CC_UK,34146.65,1598.0,0.0,3822.1,13126.76,25061.63,1558.0,10326.0,3821.64,13126.76,product sessions estimated from unit share
2026-05-17,CC_FR,4619.44,180.0,0.0,1194.47,1985.0,3821.76,170.0,1859.0,1194.47,1968.51,product sessions estimated from unit share
2026-05-17,CC_DE,12607.93,585.0,0.0,1523.22,3153.82,11104.72,586.0,3762.0,1523.22,3153.82,product sessions estimated from unit share
2026-05-17,CC_IT,2621.44,106.0,0.0,793.9,1364.04,2256.7,106.0,1963.0,793.9,1364.04,product sessions estimated from unit share
2026-05-17,CC_ES,3484.48,142.0,0.0,802.92,1570.52,3119.48,148.0,1921.0,802.92,1587.01,product sessions estimated from unit share
2026-05-17,CC_NL,1678.1,78.0,0.0,12.07,222.51,1354.3,74.0,631.0,12.07,222.51,product sessions estimated from unit share
2026-05-17,CC_AUS,7544.66,322.0,0.0,548.77,4637.26,10945.87,335.0,2046.0,548.77,4637.26,product sessions estimated from unit share
2026-05-17,CL_US,25689.72,409.0,0.0,3221.45,10345.73,18084.24,244.0,2444.0,3209.88,10345.73,
2026-05-17,PP_US,15517.44,495.0,0.0,1446.34,6447.65,14483.99,486.0,2475.0,1440.93,6447.65,
2026-05-24,CC_US,417569.43,21945.0,126120.0,56538.07,191663.11,401071.16,22068.0,102547.0,56420.28,195769.48,
2026-05-24,CC_CA,51908.55,2583.0,18102.0,7599.2,38483.16,65024.0,2575.0,18640.0,7578.12,39404.64,
2026-05-24,CC_UK,34723.99,1630.0,9938.0,3749.96,13134.98,25945.5,1619.0,9985.0,3749.96,13332.72,
2026-05-24,CC_FR,6642.65,254.0,2010.0,1806.13,3374.82,5758.96,258.0,2201.0,1806.13,3451.61,
2026-05-24,CC_DE,19944.0,905.0,6373.0,3954.86,8594.19,17122.12,903.0,6439.0,3954.11,8800.31,
2026-05-24,CC_IT,4798.69,194.0,3656.0,1885.8,2665.45,4069.61,191.0,3817.0,1885.53,2739.87,
2026-05-24,CC_ES,4353.96,190.0,3240.0,1575.29,1940.26,3733.61,183.0,3530.0,1575.29,1940.26,
2026-05-24,CC_NL,2008.35,90.0,590.0,84.47,459.92,1776.45,91.0,690.0,84.47,459.92,
2026-05-24,CC_AUS,5919.96,255.0,1660.0,477.0,2940.77,7996.94,246.0,2004.0,475.06,2906.82,
2026-05-24,CL_US,28335.76,439.0,4616.0,3368.93,10134.67,20570.26,268.0,3173.0,3348.21,10134.67,
2026-05-24,PP_US,3118.44,108.0,0.0,306.59,1386.68,2950.84,107.0,437.0,301.86,1386.68,
2026-05-31,CC_US,436175.24,23846.0,113539.0,58231.08,211778.64,435756.06,23822.0,113526.0,58130.25,216120.77,
2026-05-31,CC_CA,59577.98,2336.0,16521.0,6009.56,35549.58,59557.03,2335.0,16521.0,5997.62,36246.93,
2026-05-31,CC_UK,28865.91,1789.0,10769.0,4515.4,15220.88,28742.47,1782.0,10769.0,4515.4,15420.3,
2026-05-31,CC_FR,6302.08,283.0,2309.0,1790.12,3418.9,6214.28,279.0,2309.0,1790.12,3351.86,
2026-05-31,CC_DE,20144.01,1057.0,7186.0,4898.67,11264.57,20092.82,1054.0,7186.0,4897.6,11432.17,
2026-05-31,CC_IT,3907.24,183.0,4304.0,2205.93,2413.2,3911.07,183.0,4304.0,2205.72,2442.66,
2026-05-31,CC_ES,4346.34,211.0,3900.0,1783.07,2601.84,4322.38,210.0,3900.0,1783.07,2638.12,
2026-05-31,CC_NL,1263.7,66.0,667.0,94.33,272.78,1242.75,65.0,667.0,93.91,272.78,
2026-05-31,CC_AUS,11524.26,358.0,3397.0,737.81,5603.06,11468.36,356.0,3397.0,734.4,5658.96,
2026-05-31,CL_US,20665.56,289.0,9812.0,3841.33,10343.86,19636.45,279.0,3623.0,3832.2,10343.86,
2026-06-07,CC_US,469744.86,25657.0,128938.0,76536.33,255114.13,468474.53,25596.0,128926.0,76538.51,255017.01,
2026-06-07,CC_UK,23461.05,1443.0,9909.0,4296.91,12605.01,23313.59,1434.0,9909.0,4296.91,12605.01,
2026-06-07,CC_FR,6860.2,304.0,2705.0,2032.13,3900.62,6825.46,302.0,2705.0,2032.13,3900.62,
2026-06-07,CC_IT,3223.86,149.0,4167.0,2092.78,1833.15,3235.55,149.0,4167.0,2092.78,1833.15,
2026-06-07,CC_ES,3501.86,164.0,3448.0,1532.67,1630.26,3479.91,163.0,3448.0,1532.67,1630.26,
2026-06-07,CC_NL,1255.8,64.0,656.0,95.47,249.76,1235.85,63.0,656.0,95.47,249.76,
2026-06-07,CC_AUS,10489.44,329.0,3113.0,699.07,4317.3,10351.56,325.0,3113.0,699.07,4317.3,
2026-06-07,CL_US,19346.97,272.0,9005.0,3508.44,11528.04,19209.17,269.0,2860.0,3508.44,11528.04,
2026-06-14,CC_US,413873.68,22837.0,111561.0,60621.35,200438.63,412423.18,22754.0,111553.0,60618.62,200309.5,
2026-06-14,CC_CA,59634.33,2304.0,16608.0,7207.02,38256.04,59471.63,2298.0,16608.0,7207.02,38280.99,
2026-06-14,CC_UK,22751.76,1384.0,8603.0,3445.15,11305.14,22715.91,1382.0,8603.0,3445.15,11275.22,
2026-06-14,CC_FR,4640.17,207.0,1751.0,1053.0,2124.84,4571.32,204.0,1751.0,1053.0,2124.84,
2026-06-14,CC_DE,18924.55,964.0,6498.0,3907.63,9842.23,18687.07,952.0,6498.0,3907.63,9858.99,
2026-06-14,CC_ES,2943.87,143.0,2387.0,896.11,1177.99,2899.97,141.0,2387.0,896.11,1177.99,
2026-06-14,CC_AUS,12002.34,378.0,3248.0,713.53,5262.7,11947.44,376.0,3248.0,713.53,5262.7,
2026-06-14,CL_US,17030.82,235.0,8771.0,3461.47,11492.1,16979.37,234.0,2513.0,3461.47,11492.1,
2026-06-21,CC_US,424559.22,23379.0,116533.0,64004.4,231996.85,424532.55,23378.0,116519.0,63858.03,239297.56,
2026-06-21,CC_CA,58043.78,2243.0,16517.0,7408.38,38525.79,58000.02,2242.0,16517.0,7395.62,40102.13,
2026-06-21,CC_UK,23699.55,1421.0,7831.0,2886.16,12336.92,23681.72,1420.0,7831.0,2885.15,12665.36,
2026-06-21,CC_FR,4205.28,189.0,1587.0,829.59,1718.16,4205.28,189.0,1587.0,829.59,1745.58,
2026-06-21,CC_DE,4205.28,189.0,1587.0,3912.12,12357.31,20160.74,1028.0,6335.0,3911.54,12534.87,product blocks dropped (sheet product data unusable this week)
2026-06-21,CC_IT,1973.8,91.0,1679.0,664.91,997.88,1977.83,91.0,1679.0,664.91,1130.7,
2026-06-21,CC_ES,2614.73,127.0,2117.0,661.08,985.11,2618.39,127.0,2117.0,661.08,1083.07,
2026-06-21,CC_NL,1180.05,59.0,354.0,0.0,0.0,1180.05,59.0,353.0,0.0,0.0,
2026-06-21,CC_AUS,12054.04,370.0,3242.0,636.79,5129.01,12054.04,370.0,3242.0,635.3,5245.81,
2026-06-21,CL_US,12054.04,370.0,3242.0,3264.05,9806.41,19915.18,268.0,2995.0,3256.0,9806.41,
2026-06-28,CC_US,535366.05,31454.0,152962.0,75316.78,262393.55,534279.75,31416.0,152959.0,75198.51,266495.12,
2026-06-28,CC_CA,97587.76,4158.0,24932.0,9006.82,53710.89,97436.57,4151.0,24932.0,8991.93,54377.11,
2026-06-28,CC_UK,31687.38,2126.0,11095.0,3658.57,14884.75,31652.65,2123.0,11095.0,3658.57,15038.66,
2026-06-28,CC_FR,5367.65,262.0,1919.0,1013.6,2528.25,5280.23,258.0,1919.0,1013.6,2566.02,
2026-06-28,CC_DE,29322.79,1706.0,7966.0,4173.62,13754.64,29313.35,1705.0,7966.0,4170.0,13890.38,
2026-06-28,CC_IT,2796.98,150.0,2329.0,588.82,706.77,2803.87,150.0,2329.0,588.82,737.01,
2026-06-28,CC_ES,0.0,0.0,0.0,1441.34,2887.47,5559.23,292.0,3916.0,1441.34,2905.61,product blocks dropped (sheet product data unusable this week)
2026-06-28,CC_AUS,0.0,0.0,0.0,712.38,5569.4,11786.34,365.0,2923.0,712.38,5602.35,product blocks dropped (sheet product data unusable this week)
2026-06-28,CL_US,0.0,0.0,0.0,3886.36,12402.68,21179.26,289.0,3180.0,3881.63,12402.68,
2026-06-28,PP_US,0.0,0.0,0.0,896.39,4057.95,7747.71,261.0,1095.0,891.23,4057.95,
2026-07-05,CC_US,367752.41,20235.0,106042.0,49136.62,183384.29,367208.89,20199.0,106033.0,49056.56,187593.41,
2026-07-05,CC_CA,57405.3,2224.0,14906.0,5378.93,36409.39,57328.45,2221.0,14906.0,5370.07,37161.19,
2026-07-05,CC_UK,31244.43,1876.0,9958.0,3382.05,15987.31,31208.7,1874.0,9958.0,3382.05,16131.07,
2026-07-05,CC_FR,5991.03,270.0,1927.0,883.87,2215.11,5991.03,270.0,1927.0,883.87,2252.52,
2026-07-05,CC_DE,23423.92,1213.0,6503.0,3589.18,12544.89,23375.78,1210.0,6503.0,3686.57,12823.06,
2026-07-05,CC_IT,1494.72,69.0,1541.0,439.57,550.44,1524.45,71.0,1541.0,439.57,625.68,
2026-07-05,CC_ES,4824.85,228.0,3292.0,1190.57,2526.53,4827.17,228.0,3292.0,1190.57,2613.73,
2026-07-05,CC_NL,1564.0,80.0,647.0,109.77,460.77,1564.0,80.0,647.0,109.77,477.26,
2026-07-05,CC_AUS,14433.22,435.0,3360.0,702.94,7041.75,14433.22,435.0,3360.0,702.94,7146.21,
2026-07-05,CL_US,19349.43,262.0,9237.0,3483.55,10824.42,19136.08,259.0,2742.0,3481.56,10824.42,
2026-07-05,PP_US,9933.03,341.0,3067.0,865.13,4341.46,9896.37,340.0,1128.0,861.06,4341.46,
2026-07-12,CC_US,384321.39,21235.0,104623.0,47434.85,188673.29,382777.37,21111.0,104303.0,47328.57,193080.49,
2026-07-12,CC_CA,64177.04,2485.0,15740.0,5148.54,38467.08,64034.34,2479.0,15740.0,5140.53,39536.33,
2026-07-12,CC_UK,26498.55,1573.0,8654.0,2853.15,13527.78,26455.76,1570.0,8654.0,2853.15,13649.89,
2026-07-12,CC_FR,5339.45,244.0,1787.0,684.29,1762.48,5293.58,242.0,1787.0,684.29,1880.42,
2026-07-12,CC_DE,24239.78,1253.0,6487.0,3414.93,12455.56,24184.12,1250.0,6487.0,3414.93,12484.88,
2026-07-12,CC_IT,2705.13,123.0,1766.0,449.61,1188.23,2705.13,123.0,1766.0,449.61,1192.37,
2026-07-12,CC_ES,4891.08,233.0,3031.0,921.43,2203.37,4850.01,231.0,3031.0,921.32,2222.34,
2026-07-12,CC_NL,1683.75,85.0,603.0,93.53,352.78,1704.7,86.0,603.0,93.53,380.8,
2026-07-12,CC_AUS,22423.13,855.0,4562.0,1129.22,10008.36,22300.75,850.0,4562.0,1129.22,10154.93,
2026-07-12,CL_US,16085.07,237.0,9003.0,3275.86,10349.62,15955.08,236.0,2630.0,3258.65,10349.62,
2026-07-12,PP_US,8420.96,287.0,3009.0,849.13,3875.1,8355.91,285.0,1186.0,841.94,3875.1,
2026-07-19,CC_US,380994.08,20701.0,101515.0,40193.29,176905.58,378894.18,20611.0,101505.0,40103.42,181558.57,
2026-07-19,CC_CA,59941.36,2320.0,16075.0,5844.16,37900.69,59778.67,2313.0,16075.0,5837.68,38964.53,
2026-07-19,CC_UK,26278.27,1557.0,9085.0,3628.84,13549.0,26128.77,1548.0,9085.0,3627.93,13956.9,
2026-07-19,CC_DE,10966.0,596.0,3581.0,1774.42,5024.32,10779.86,586.0,3581.0,1774.42,5031.84,
2026-07-19,CC_IT,1482.88,70.0,1338.0,274.31,496.34,1482.88,70.0,1338.0,274.31,564.21,
2026-07-19,CC_ES,2663.39,138.0,2217.0,561.92,989.1,2647.76,137.0,2216.0,561.92,970.96,
2026-07-19,CC_NL,945.45,51.0,439.0,60.74,206.84,925.5,50.0,439.0,60.74,206.84,
2026-07-19,CC_AUS,12424.17,417.0,3743.0,587.26,4929.49,12220.47,411.0,3743.0,587.26,4929.49,
2026-07-19,CC_SA,3612.4,52.0,448.0,198.7,1463.92,3538.59,51.0,382.0,195.53,1463.92,
2026-07-19,CL_US,18775.04,255.0,8001.0,1584.88,7347.33,18723.59,254.0,2607.0,1573.06,7347.33,
2026-07-19,PP_US,10021.73,327.0,3483.0,1079.61,4114.94,9910.97,323.0,1333.0,1067.48,4114.94,
2026-07-26,CC_US,382464.17,20750.0,98562.0,33269.19,150252.99,380842.73,20669.0,98554.0,33207.37,157902.65,
2026-07-26,CC_CA,55925.26,2159.0,15706.0,5583.07,32945.27,55398.31,2138.0,15706.0,5572.28,34242.05,
2026-07-26,CC_UK,32205.93,1925.0,9899.0,3563.16,15350.49,32113.32,1919.0,9899.0,3561.7,15906.49,
2026-07-26,CC_FR,1268.01,63.0,791.0,89.89,211.0,1205.16,60.0,791.0,89.89,213.63,
2026-07-26,CC_DE,6521.82,361.0,3033.0,1313.78,3027.27,6319.58,351.0,3033.0,1313.78,3025.59,
2026-07-26,CC_IT,1238.7,58.0,1069.0,138.33,350.06,1202.8,56.0,1069.0,138.33,368.87,
2026-07-26,CC_ES,1685.11,87.0,1222.0,137.24,414.65,1561.08,81.0,1222.0,137.24,416.3,
2026-07-26,CC_NL,730.1,38.0,410.0,38.85,152.51,710.15,37.0,410.0,38.85,152.51,
2026-07-26,CC_AUS,14008.4,439.0,3840.0,760.94,6489.26,13908.55,436.0,3840.0,757.8,6720.91,
2026-07-26,CC_SA,3737.2,56.0,477.0,181.27,1472.18,3743.46,56.0,473.0,181.27,1472.18,
2026-07-26,CL_US,16634.81,235.0,6850.0,729.58,6108.49,16533.86,234.0,2085.0,729.56,6108.49,
2026-07-26,PP_US,8950.04,275.0,3303.0,690.51,3822.56,8950.04,275.0,1190.0,681.02,3822.56,
2026-08-02,CC_US,381845.06,21047.0,95062.0,29567.16,142511.75,380723.71,20990.0,95051.0,29481.0,147694.55,
2026-08-02,CC_CA,60724.32,2340.0,16529.0,6033.87,35914.29,60595.57,2335.0,16529.0,6013.07,37091.69,
2026-08-02,CC_UK,33006.19,1935.0,9586.0,1956.39,11070.77,32982.32,1934.0,9586.0,2298.7,11971.88,
2026-08-02,CC_FR,3482.55,160.0,1355.0,399.73,1111.42,3482.55,160.0,1355.0,399.73,1130.54,
2026-08-02,CC_DE,14906.82,775.0,4632.0,2134.17,7243.28,14867.03,773.0,4632.0,2132.79,7343.84,
2026-08-02,CC_IT,1489.96,71.0,791.0,138.23,300.96,1447.05,69.0,791.0,138.23,319.77,
2026-08-02,CC_ES,2159.82,104.0,1228.0,242.65,746.2,2135.21,103.0,1228.0,241.14,746.2,
2026-08-02,CC_NL,1303.28,68.0,453.0,79.72,287.67,1309.6,68.0,453.0,79.72,287.67,
2026-08-02,CC_AUS,14204.63,436.0,3705.0,747.8,6641.65,14138.73,434.0,3705.0,747.37,6924.66,
2026-08-02,CC_SA,3047.75,45.0,480.0,224.26,1318.87,3054.15,45.0,473.0,224.26,1318.87,
2026-08-02,CL_US,16913.23,235.0,6719.0,714.4,4638.21,18231.12,254.0,1990.0,712.99,4638.21,
2026-08-02,PP_US,9029.74,295.0,3467.0,685.37,3135.25,9371.88,306.0,1334.0,677.59,3135.25,
2026-08-09,CC_US,377931.76,20609.0,94886.0,32599.2,164329.92,376738.9,20554.0,94880.0,32518.93,168497.64,
2026-08-09,CC_CA,63702.75,2435.0,15872.0,5521.6,35178.71,63530.1,2428.0,15872.0,5597.75,38804.96,
2026-08-09,CC_UK,31013.5,1822.0,10058.0,1884.65,10590.53,30883.94,1814.0,10058.0,2777.96,13029.44,
2026-08-09,CC_FR,4901.52,219.0,1522.0,510.24,1365.79,4878.6,218.0,1522.0,510.24,1381.58,
2026-08-09,CC_DE,22193.95,1137.0,5700.0,2603.11,10909.43,22139.32,1134.0,5700.0,2601.03,10909.43,
2026-08-09,CC_IT,1666.87,78.0,870.0,164.1,459.72,1670.9,78.0,870.0,164.1,459.72,
2026-08-09,CC_ES,2639.74,132.0,1527.0,276.9,694.84,2617.79,131.0,1527.0,276.9,712.98,
2026-08-09,CC_NL,1200.58,62.0,552.0,73.06,444.24,1206.9,62.0,552.0,73.06,444.24,
2026-08-09,CC_AUS,14613.73,461.0,3653.0,652.38,6738.23,14483.39,457.0,3653.0,651.7,6800.13,
2026-08-09,CC_SA,2298.3,34.0,478.0,166.23,1329.05,2300.07,34.0,350.0,165.59,1329.05,
2026-08-09,CL_US,18027.9,240.0,7202.0,851.53,5346.49,22382.3,292.0,2424.0,851.03,5346.49,
2026-08-09,PP_US,8639.04,280.0,3404.0,658.04,2680.97,9706.02,309.0,1298.0,650.1,2680.97,
2026-08-16,CC_US,374654.66,20596.0,93457.0,32854.6,161771.58,372747.63,20512.0,93450.0,32780.47,166076.79,
2026-08-16,CC_CA,60582.0,2325.0,14061.0,4797.78,36137.91,60457.25,2320.0,14060.0,4794.22,37120.82,
2026-08-16,CC_UK,31531.59,1862.0,9433.0,2146.21,11842.48,31491.81,1860.0,9433.0,2899.54,13785.68,
2026-08-16,CC_FR,5081.63,227.0,1798.0,700.62,2222.84,5058.69,226.0,1798.0,700.62,2299.32,
2026-08-16,CC_DE,11982.2,628.0,3344.0,1317.84,4268.62,11971.59,627.0,3344.0,1317.84,4320.54,
2026-08-16,CC_IT,1759.05,78.0,984.0,156.55,545.97,1732.5,77.0,984.0,156.55,545.97,
2026-08-16,CC_ES,3272.7,158.0,1619.0,284.85,1007.36,3250.93,157.0,1619.0,284.85,1025.5,
2026-08-16,CC_NL,1709.65,87.0,633.0,66.49,309.95,1667.75,85.0,633.0,66.49,309.95,
2026-08-16,CC_AUS,15013.73,462.0,3762.0,805.72,6230.03,14775.54,455.0,3762.0,803.9,6269.98,
2026-08-16,CC_SA,3352.55,49.0,872.0,124.44,1413.95,3358.01,49.0,584.0,124.44,1413.95,
2026-08-16,CL_US,17231.66,255.0,6619.0,933.8,6818.63,20498.98,288.0,2412.0,932.29,6818.63,
2026-08-16,PP_US,8729.32,284.0,3751.0,787.33,3463.95,9761.71,316.0,1504.0,778.86,3463.95,
2026-08-23,CC_US,379226.31,20746.0,99629.0,33390.22,154756.38,378015.07,20677.0,99619.0,33306.58,157797.04,
2026-08-23,CC_CA,66012.6,2539.0,14840.0,4604.39,39469.85,65957.7,2537.0,14840.0,4596.48,40147.5,
2026-08-23,CC_UK,30080.09,1761.0,10089.0,2573.91,12262.86,30027.34,1757.0,10089.0,3188.76,14314.86,
2026-08-23,CC_FR,7764.9,346.0,3954.0,873.95,2618.59,7745.97,345.0,3954.0,873.95,2675.12,
2026-08-23,CC_DE,3191.07,188.0,1495.0,453.51,1275.53,3191.09,188.0,1495.0,453.51,1298.53,
2026-08-23,CC_IT,1978.05,91.0,1488.0,290.77,564.57,1970.79,91.0,1487.0,290.77,545.76,
2026-08-23,CC_ES,3402.03,163.0,2015.0,391.45,1269.5,3402.53,163.0,2015.0,391.45,1335.59,
2026-08-23,CC_NL,2385.97,121.0,732.0,59.51,553.05,2301.2,116.0,642.0,59.51,553.05,
2026-08-23,CC_AUS,15685.09,483.0,3665.0,919.76,7543.22,15530.34,478.0,3665.0,919.76,7762.87,
2026-08-23,CC_SA,3353.35,54.0,561.0,169.61,1264.05,3358.44,54.0,303.0,169.61,1264.05,
2026-08-23,CL_US,17727.85,268.0,7510.0,938.59,5560.09,20131.44,300.0,2517.0,934.86,5560.09,
2026-08-23,PP_US,10866.72,361.0,4036.0,913.29,4043.59,12000.49,399.0,1635.0,894.64,4043.59,
