start,sales,units,sessions,ppcCost,ppcSales
2026-02-23,0,0,0,0,0
2026-03-02,457.51,23,196,0,0
2026-03-09,1610.9,82,295,0,0
2026-03-16,51.8,4,39,0,0
2026-03-23,827.90,42,283,0,0
2026-03-30,1138.10,58,471,0,0
2026-04-06,1354.16,69,1078,6.75,241.54
2026-04-13,1867.15,97,794,11.36,234.93
2026-04-20,1445.25,75,649,9.43,145.93
2026-04-27,1564.95,81,563,8.51,120.34
2026-05-04,1121.10,58,626,12.39,178.06
2026-05-11,1354.30,74,631,12.07,222.51
2026-05-18,1776.45,91,690,84.47,459.92
2026-05-25,1242.75,65,667,93.91,272.78
2026-06-01,1235.85,63,656,95.47,249.76
2026-06-08,1057.40,52,405,2.50,51.93
2026-06-15,1180.05,59,353,0,0
2026-06-22,1298.06,72,619,78.70,288.70
2026-06-29,1564.00,80,647,109.77,477.26
2026-07-06,1704.70,86,603,93.53,380.80
2026-07-13,925.50,50,439,60.74,206.84
2026-07-20,710.15,37,410,38.85,152.51
2026-07-27,1309.60,68,453,79.72,287.67
2026-08-03,1206.90,62,552,73.06,444.24
2026-08-10,1667.75,85,633,66.49,309.95
2026-08-17,2301.20,116,642,59.51,553.05
2026-08-24,2129.60,108,713,58.40,480.00
2026-08-31,1319.70,66,487,46.89,253.89
2026-09-07,1494.20,76,551,38.18,291.76
2026-09-14,1452.30,74,629,64.28,357.69
