market,campaign,ad_type,state,spend,sales,orders
CA,_TOTAL_,,,3497.67,25091.98,816.0
CA,[CA]_B084RQKLV8_HL_SP_PT_COMP,SP,enabled,1066.2,9069.45,268.0
CA,[CA]_B084RQKLV8_HL_SP_KWMIX,SP,enabled,209.41,1101.54,34.0
CA,[CA]_B0FYRJ1966_PLREST_SP_AT_LOOSE_SUB,SP,enabled,169.64,446.44,18.0
CA,[CA]_B0F45C2YHV_TIRE_SP_AT_LOOSE_CLOSE_SUB,SP,enabled,163.33,630.51,27.0
CA,[CA]_B0B94G13CN_RCPAINT_SP_PT_COMPS,SP,enabled,144.39,494.87,17.0
CA,[CA]_B084RQKLV8_HL_SP_EX_BRAND_CERAKOTE_HEADLIGHT_RESTORATION_KIT,SP,enabled,125.62,2315.46,69.0
CA,[CA]_B0FYRJ1966_PLREST_SP_BR_CA_SEED,SP,enabled,109.41,996.56,39.0
CA,[CA]_B07SHJVK4G_TRIM_SP_PT_SELFDEF,SP,enabled,106.14,945.38,30.0
CA,[CA]_B0F45C2YHV_TIRE_SP_KWMIX,SP,enabled,101.42,581.36,26.0
CA,[CA]_B0B94G13CN_PAINT_SP_EX_BRAND_CERAKOTE_HEADLIGHT_RESTORATION_KIT,SP,enabled,92.17,397.32,13.0
CA,[CA]_B084RQKLV8_HL_SP_PT_COMPS,SB,enabled,89.24,388.3,12.0
CA,[CA]_B07SHJVK4G_TRIM_SP_EX_KWMIX_BRANDED,SP,enabled,85.02,516.56,17.0
CA,[CA]_B07SHJVK4G_TRIM_SP_AT_LOOSE_COMP,SP,enabled,84.18,31.18,1.0
CA,[CA]_B07SHJVK4G_TRIM_SB_PT_COMPS,SB,enabled,77.37,498.88,15.0
CA,[CA]_B0F45C2YHV_TIRE_SP_EX_tire shine,SP,enabled,76.12,373.15,17.0
CA,[CA]_B0F45C2YHV_TIRE_SP_PT_COMP,SP,enabled,64.04,376.15,17.0
CA,[CA]_B084RQKLV8_HL_SP_EX_headlight restoration spray,SP,enabled,53.72,370.81,11.0
CA,[CA]_B07SHJVK4G_TRIM_SP_EX_BRAND_CERAKOTE_TRIM_RESTORER,SP,enabled,53.21,901.55,30.0
CA,[CA]_B0B94G13CN_RCPAINT_SB_BR_KWMIX,SB,enabled,50.23,209.02,6.0
CA,[CA]_B0F45C2YHV_TIRE_SBV_PT_AUTO_APPLICATOR,SB,enabled,48.23,109.75,5.0
CA,[CA]_B0B94G13CN_PAINT_SP_EX_ceramic coating for car,SP,enabled,45.37,209.02,7.0
CA,[CA]_B084RQKLV8_HL_SP_EX_headlight restoration kit,SP,enabled,40.75,202.26,5.0
CA,[CA]_B0F45C2YHV_TIRE_SBV_KWMIX_APPLICATOR,SB,enabled,40.57,183.51,7.0
CA,[CA]_B07SHJVK4G_TRIM_SP_EX_BRAND_CERAKOTE,SP,enabled,38.54,616.26,20.0
CA,[CA]_B0B94G13CN_RCPAINT_SP_AT_CLOSE_COMP,SP,enabled,37.27,261.83,9.0
CA,[CA]_B07SHJVK4G_TRIM_SP_EX_BRAND_CERAKOTE_CERAMIC_HEADLIGHT_RESTORAT,SP,enabled,35.4,132.31,4.0
CA,[CA]_B0B94G13CN_PAINT_SP_EX_BRAND_CERAKOTE_RAPID_CERAMIC_TIRE_COAT,SP,enabled,34.72,224.85,8.0
CA,[CA]_B084RQKLV8_HL_SP_EX_3m headlight restoration kit,SP,enabled,24.69,101.13,3.0
CA,[CA]_B0B94G13CN_PAINT_SP_EX_BRAND_CERAKOTE,SP,enabled,20.04,165.34,6.0
CA,[CA]_B07SHJVK4G_TRIM_SP_EX_BRAND_CERAKOTE_TRIM_COAT,SP,enabled,18.05,200.8,7.0
CA,[CA]_B084RQKLV8_HL_SP_EX_BRAND_CERAKOTE_CERAMIC_HEADLIGHT_RESTORAT,SP,enabled,18.01,284.61,8.0
CA,[CA]_B0F45C2YHV_TIRE_SP_EX_BRAND_CERAKOTE_CERAMIC_COATING,SP,enabled,16.75,105.94,4.0
CA,[CA]_B0F45C2YHV_TIRE_SP_EX_tire cleaner,SP,enabled,15.47,87.8,4.0
CA,[CA}_B07SHJVK4G_TRIM_SBV_KWMIX_SILVERADO,SB,enabled,13.44,15.97,1.0
CA,[CA]_B084RQKLV8_HL_SP_EX_headlight restoration,SP,enabled,13.24,67.42,2.0
CA,[CA]_B0FYRJ1966_PLREST_SP_EX_plastic restorer,SP,enabled,10.96,0.0,0.0
CA,[CA]_B084RQKLV8_HL_SP_EX_qifor headlight restoration,SP,enabled,10.8,67.42,2.0
CA,[CA]_B0B94G13CN_RCPAINT_SP_EX_quick effect coating agent,SP,enabled,10.09,59.72,2.0
CA,[CA]_B084RQKLV8_HL_SP_EX_the best headlight restoration kit,SP,enabled,9.29,134.84,4.0
CA,[CA]_B0B94G13CN_RCPAINT_SP_BR_KWMIX,SP,enabled,6.1,59.72,2.0
CA,[CA]_B084RQKLV8_HL_SP_EX_headlight cleaning kit,SP,enabled,5.73,101.13,3.0
CA,[CA]_B0B94G13CN_PAINT_SP_EX_sopami car coating spray,SP,enabled,4.85,59.72,2.0
CA,[CA]_B0F45C2YHV_TIRE_SP_EX_tire shine applicator,SP,enabled,4.34,43.9,2.0
CA,[CA]_B07SHJVK4G_TRIM_SP_EX_trim coat,SP,enabled,3.86,62.36,2.0
CA,[CA]_B07SHJVK4G_TRIM_SP_EX_BRAND_CERAKOTE_CERAMIC_TRIM_COAT,SP,enabled,3.78,249.44,8.0
CA,[CA]_B0F45C2YHV_TIRE_SP_EX_BRAND_cerakote®,SP,enabled,3.38,39.62,1.0
CA,[CA]_B0F45C2YHV_TIRE_SP_EX_tire ceramic coating,SP,enabled,3.22,21.95,1.0
CA,[CA]_B0F45C2YHV_TIRE_SP_EX_BRAND_CERAKOTE_RAPID_CERAMIC_TIRE_COAT,SP,enabled,3.17,21.95,1.0
CA,[CA]_B0F45C2YHV_TIRE_SP_EX_tire wax black,SP,enabled,2.75,0.0,0.0
CA,[CA]_B0F45C2YHV_TIRE_SP_EX_tire cleaner and shine,SP,enabled,2.6,59.43,1.0
CA,[CA]_B0B94G13CN_PAINT_SP_EX_BRAND_CERAKOTE_PAINT_SEALANT,SP,enabled,2.45,151.45,6.0
CA,[CA]_B07SHJVK4G_TRIM_SP_EX_plastic_trim_restorer,SP,enabled,2.4,31.18,1.0
CA,[CA]_B084RQKLV8_HL_SP_EX_quifor headlight restoration,SP,enabled,2.11,33.71,1.0
CA,[CA]_B084RQKLV8_HL_SP_EX_ceramic headlight restoration kit,SP,enabled,2.02,33.71,1.0
CA,[CA]_B0B94G13CN_RCPAINT_SP_EX_BRAND_cerakote black trim restorer,SP,enabled,1.77,0.0,0.0
CA,[CA]_B084RQKLV8_HL_SP_EX_BRAND_CERAKOTE,SP,enabled,1.74,0.0,0.0
CA,[CA]_B0B94G13CN_PAINT_SP_EX_BRAND_CERAKOTE_TRIM_RESTORER,SP,enabled,1.54,31.18,1.0
CA,[CA]_B0B94G13CN_PAINT_SP_EX_BRAND_CERAKOTE_CERAMIC_HEADLIGHT_RESTORAT,SP,enabled,1.48,0.0,0.0
CA,[CA]_B084RQKLV8_HL_SP_EX_BRAND_CERACOAT_HEADLIGHT_RESTORE,SP,enabled,1.43,33.71,1.0
CA,[CA]_B0F45C2YHV_TIRE_SP_EX_tire shiner,SP,enabled,1.29,0.0,0.0
CA,[CA]_B0F45C2YHV_TIRE_SP_EX_tire_polishing_paste,SP,enabled,1.25,0.0,0.0
CA,[CA]_B0F45C2YHV_TIRE_SP_EX_tire_gloss,SP,enabled,1.23,21.95,1.0
CA,[CA]_B084RQKLV8_HL_SP_EX_q4 headlight restoration kit,SP,enabled,1.02,0.0,0.0
CA,[CA]_B084RQKLV8_HL_SP_EX_wipe new headlight restore,SP,enabled,0.98,0.0,0.0
CA,[CA]_B07SHJVK4G_TRIM_SP_EX_trim_coat_restoration_kit,SP,enabled,0.92,0.0,0.0
CA,[CA]_B0B94G13CN_RCPAINT_SP_EX_ceramic spray sealant,SP,enabled,0.81,51.81,2.0
CA,[CA]_B084RQKLV8_HL_SP_EX_car headlight restoration kit,SP,enabled,0.73,0.0,0.0
CA,[CA]_B084RQKLV8_HL_SP_EX_qifor headlight restoration kit,SP,enabled,0.67,33.71,1.0
CA,[CA]_B084RQKLV8_HL_SP_EX_3m_headlight_restore,SP,enabled,0.65,0.0,0.0
CA,[CA]_B084RQKLV8_HL_SP_EX_sylvania headlight restoration kit,SP,enabled,0.58,0.0,0.0
CA,[CA]_B0F45C2YHV_TIRE_SP_EX_tire polish,SP,enabled,0.57,0.0,0.0
CA,[CA]_B07SHJVK4G_TRIM_SP_EX_ceramic trim and plastic coating,SP,enabled,0.52,0.0,0.0
CA,[CA]_B084RQKLV8_HL_SP_EX_headlight uv sealant,SP,enabled,0.49,0.0,0.0
CA,[CA]_B0F45C2YHV_TIRE_SP_EX_dura dressing tire coating,SP,enabled,0.48,0.0,0.0
CA,[CA]_B0F45C2YHV_TIRE_SP_EX_ceramic tire shine,SP,enabled,0.4,0.0,0.0
CA,[CA]_B07SHJVK4G_TRIM_SP_EX_BRAND_CERAKOTE_PLASTIC_TRIM_RESTORER,SP,enabled,0.3,53.13,2.0
CA,[CA]_B084RQKLV8_HL_SP_EX_kit for polishing headlights d auto,SP,enabled,0.28,0.0,0.0
CA,[CA]_B0B94G13CN_PAINT_SP_EX_BRAND_CERAKOTE_PAINT,SP,enabled,0.28,0.0,0.0
CA,[CA]_B0F45C2YHV_TIRE_SP_EX_BRAND_CERAKOTE_TIRE_COAT,SP,enabled,0.26,0.0,0.0
CA,[CA]_B07SHJVK4G_TRIM_SP_EX_ceramic trim coat,SP,enabled,0.22,0.0,0.0
CA,[CA]_B07SHJVK4G_TRIM_SP_EX_BRAND_CERAKOTE_CERAMIC_TRIM_COAT_RESTORAT,SP,enabled,0.18,0.0,0.0
CA,[CA]_B0F45C2YHV_TIRE_SP_EX_tire_gel_shine,SP,enabled,0.18,0.0,0.0
CA,[CA]_B0F45C2YHV_TIRE_SP_EX_BRAND_cerakote tire,SP,enabled,0.06,0.0,0.0
CA,[CA]_B0F45C2YHV_TIRE_SP_EX_BRAND_CERAKOTE_TIRE_SHINE,SP,enabled,0.03,21.95,1.0
CA,[CA]_B07SHJVK4G_TRIM_SP_EX_BRAND_CERAKOTE_CERAMIC_TRIM_COAT_KIT,SP,enabled,0.03,0.0,0.0
CA,[CA]_B07SHJVK4G_TRIM_SP_EX_BRAND_cerakote® ceramic trim coat kit,SP,enabled,0.0,0.0,0.0
CA,[CA]_B084RQKLV8_HL_SP_EX_headlight_repair_kit,SP,enabled,0.0,0.0,0.0
CA,[CA]_B084RQKLV8_HL_SP_EX_headlight uv protection,SP,enabled,0.0,0.0,0.0
CA,[CA]_B0B94G13CN_RCPAINT_SP_EX_cerakote_trim,SP,enabled,0.0,0.0,0.0
CA,[CA]_B0F45C2YHV_TIRE_SP_EX_black for tire,SP,enabled,0.0,0.0,0.0
CA,[CA]_B07SHJVK4G_TRIM_SP_EX_car plastic restorer,SP,enabled,0.0,0.0,0.0
CA,[CA]_B07SHJVK4G_TRIM_SP_EX_cerakote_rapid_ceramic_plastic_restorer,SP,enabled,0.0,0.0,0.0
CA,[CA]_B084RQKLV8_HL_SP_EX_BRAND_CERAKOTE_HEADLIGHT_RESTORATION,SP,enabled,0.0,0.0,0.0
CA,[CA]_B084RQKLV8_HL_SP_EX_BRAND_cerakote kit,SP,enabled,0.0,0.0,0.0
CA,[CA]_B07SHJVK4G_TRIM_SP_EX_ceramic_trim_coat_restoration_kit,SP,enabled,0.0,0.0,0.0
CA,[CA]_B084RQKLV8_HL_SP_EX_car headlight restoration,SP,enabled,0.0,0.0,0.0
CA,[CA]_B0F45C2YHV_TIRE_SP_EX_tire_shine_ceramic_coating,SP,enabled,0.0,0.0,0.0
CA,[CA]_B0F45C2YHV_TIRE_SP_EX_tire coat,SP,enabled,0.0,0.0,0.0
CA,[CA]_B084RQKLV8_HL_SP_EX_best headlight restorer,SP,enabled,0.0,0.0,0.0
CA,[CA]_B084RQKLV8_HL_SP_EX_neanes headlight restorer,SP,enabled,0.0,0.0,0.0
CA,[CA]_B07SHJVK4G_TRIM_SP_EX_trim restorer car,SP,enabled,0.0,0.0,0.0
CA,[CA]_B084RQKLV8_HL_SP_EX_headlight refurbishment kit,SP,enabled,0.0,0.0,0.0
CA,[CA]_B084RQKLV8_HL_SP_EX_car headlight polish,SP,enabled,0.0,0.0,0.0
CA,[CA]_B084RQKLV8_HL_SP_EX_3m headlight restoration wipes,SP,enabled,0.0,0.0,0.0
CA,[CA]_B07SHJVK4G_TRIM_SP_EX_BRAND_CERAKOTE_TRIM,SP,enabled,0.0,0.0,0.0
CA,[CA]_B07SHJVK4G_TRIM_SP_EX_trim restorer,SP,enabled,0.0,0.0,0.0
CA,[CA]_B0B94G13CN_RCPAINT_SP_EX_BRAND_cerakote canada,SP,enabled,0.0,0.0,0.0
CA,[CA]_B084RQKLV8_HL_SP_EX_headlight_repair,SP,enabled,0.0,0.0,0.0
CA,[CA]_B0F45C2YHV_TIRE_SP_EX_car tire ceramic coating,SP,enabled,0.0,0.0,0.0
CA,[CA]_B0F45C2YHV_TIRE_SP_EX_ceramic tire coat,SP,enabled,0.0,0.0,0.0
CA,[CA]_B0F45C2YHV_TIRE_SP_EX_jay lenos tire shine,SP,enabled,0.0,0.0,0.0
CA,[CA]_B0F45C2YHV_TIRE_SP_EX_BRAND_CERAKOTE_TRIM_RESTORER,SP,enabled,0.0,0.0,0.0
CA,[CA]_B07SHJVK4G_TRIM_SP_EX_black_plastic_restorer,SP,enabled,0.0,0.0,0.0
CA,[CA]_B084RQKLV8_HL_SP_EX_3m_ultra_headlight_restoration_kit_39195,SP,enabled,0.0,0.0,0.0
CA,[CA]_SBV_BRAND_DEFENSE,SB,enabled,0.0,0.0,0.0
