market,asin,sku,title,sales,units,orders,ppc_cost,ppc_sales,sessions
US,_TOTAL_,,,371704.49,20060,19133,29269.68,145697.31,92699
US,B084RQKLV8,AH-HLKITA,"CERAKOTE® Ceramic Headlight Restoration Kit, 10 Wipe Kit",180611.56,10114,9651,14035.54,68591.39,33946
US,B07SHJVK4G,AH-TRKITA,CERAKOTE® Ceramic Trim Coat Kit - Quick Plastic Trim Restorer - Ceramic Coating ,59288.08,3531,3384,5220.69,30393.44,15008
US,B0B94G13CN,AH-RCPAINTA,"CERAKOTE® Rapid Ceramic Paint Sealant, Ceramic Coating for Cars, 14 oz",22841.78,1167,1082,2291.05,10665.11,10561
US,B0F45C2YHV,AH-RCTIRE10A,"CERAKOTE® Rapid Ceramic Tire Coat, 10 oz",21582.45,1451,1422,2473.97,10287.94,5359
US,B0FYRJ1966,AH-RCPL-B14A,"CERAKOTE® Rapid Ceramic Plastic Restorer and Protectant Spray, 14 oz",15515.66,1046,1025,1998.39,10980.44,6124
US,B08FF6X75N,AH-828A,"CERAKOTE® Ceramic Headlight Restoration Detailer Pack, 20 Wipes",13868.55,279,262,0,0,3102
US,B0CN8HJSYM,AH-PROPAINTKITA,"CERAKOTE® Ceramic Coating for Cars, Professional 60 Ml Kit",11067.4,112,105,1574.49,4751.35,2145
US,B0DJMW6283,AH-MICRTOWEL12A,"CERAKOTE® Microfiber Towels for Cars, 300 GSM Lint-Free Cloths, 12 Pack",5300.91,535,486,236.23,1198.48,1657
US,B08DDGFXPK,AH-810A,"CERAKOTE Ceramic Trim Coat Black Plastic Restorer for Cars, 50 Wipes",5049.64,68,57,0,0,711
US,B0C4QX35KX,AH-TRPROAUPC,"CERAKOTE Ceramic Trim Coat Black Plastic Restorer for Cars, 4 oz",5035.65,127,115,39.83,265.65,785
US,B0DKVZRX69,AH-RCINT14A,"CERAKOTE® Rapid Ceramic Interior Detailer and Protectant Spray, 14 fl oz",4156.46,361,357,555.4,3612.94,2109
US,B0C4ZVMRRK,AH-RCPAINTQA,CERAKOTE® Rapid Ceramic Paint Sealant - 32 oz Bulk Pack - Extremely Hydrophobic ,3833.98,111,109,0,0,745
US,B0CQN1RXYB,AH-GLASSCOATA,"CERAKOTE® Ceramic Glass Coat Protectant, Rain Repellent for Cars, 4 Wipes",3140.7,316,267,486.15,2952.78,2583
US,B08DDJ49X7,AH-811A,"CERAKOTE® Ceramic Headlight Restoration Detailer Pack, Step 1, 50 Wipes",2796.65,47,47,15.0,121.45,707
US,B0DVV6K9Y6,AH-VEHSHAM32A,"CERAKOTE® High Foam Vehicle Shampoo, pH Neutral Car Wash Soap, 32 oz",2727.67,173,168,241.18,1535.08,704
US,B0GY1XLQMS,AH-RCTIRE-QA,"CERAKOTE® Rapid Ceramic Tire Coat, Deep Black Tire Shine Pro Pack, 32 oz",2612.85,69,69,0,0,453
US,B0FW6WFX4D,AH-RCWHL14A,"CERAKOTE® Rapid Ceramic Wheel Sealant Spray, 14 oz",2209.05,139,132,27.87,115.39,512
US,B0H1NM7467,AH-RCPL-QA,"CERAKOTE® Rapid Ceramic Plastic Restorer and Protectant Pro Pack, 32 oz",2009.1,75,73,0,0,485
US,B0GYBH76BR,AH-PROWHLKITA,"CERAKOTE® Ceramic Coating for Wheels and Rims, Professional 30 ml Kit",1255.95,21,21,9.44,59.95,257
US,B0H1NP4461,AH-RCPV14A,"CERAKOTE® Rapid Ceramic PPF and Vinyl Protective Sealant Spray, 14 oz",1048.8,46,40,0,0,259
US,B0F3G1V5SF,AH-813A,"CERAKOTE® Ceramic Glass Coat Pro Pack, Rain Repellent, 20 Wipes",719.1,18,17,0,0,192
US,B0H3QLBNZF,AH-PROPVKITA,"CERAKOTE® Ceramic Coating for PPF and Vinyl Wrap, Pro 60 ml Kit",678.2,6,6,0,0,141
US,B0DVB4P9KQ,AH-VEHSHAM16A,"CERAKOTE® High Foam Vehicle Shampoo, pH Neutral Car Wash Soap, 16 oz",677.46,68,65,3.28,0.0,693
US,B0CXKPY6B8,AH-HLPRO10,CERAKOTE® Ceramic Headlight Restoration Pro Kit - 10 Vehicle Bundle - Brings Hea,593.75,5,5,0,0,90
US,B0DH5HKH5R,AH-SPONGE3A,"CERAKOTE® Premium Microfiber Applicator Pads for Cars, 3 Pack",536.1,60,58,0,0,160
US,B0H3QRH9B7,AH-PROMARKITA,"CERAKOTE® Marine Ceramic Coating for Boats, Professional 60 ml Kit",499.8,4,4,4.4,0.0,137
US,B0DKVBTNNT,AH-RCINT14-2PK,"CERAKOTE® Rapid Ceramic Interior Detailer and Protectant Spray, 2 Pack",478.04,24,23,0,0,158
US,B0DH5ZC1N4,AH-FOAMAPP3,"CERAKOTE® Foam Applicator Pads for Tire Coating, 3 Pack",339.2,38,37,0,0,158
US,B0F2JBJXYJ,AH-RCACA,Cerakote Rapid Ceramic Aircraft Protective Coating (14 oz.) - Aviation Grade Cer,334.61,12,10,0,0,547
US,B0F2JL4F2W,AH-BNDL-COREA,"CERAKOTE® Ceramic Car Wash Kit, 7 Piece",212.85,3,3,0.7,31.92,57
US,B0H1NDSGVJ,AH-RCINT-QA,"CERAKOTE® Rapid Ceramic Interior Detailer and Protectant Pro Pack, 32 fl oz",208.45,10,10,0,0,91
US,B0F8JJM54R,AH-CLAYMITTA,"CERAKOTE® Clay Prep Mitt for Vehicle Surface Prep, Medium Grade",197.45,11,10,0,0,54
US,B0GZSHD4GP,AH-GCLEAN-B16A,"CERAKOTE® Glass Cleaner for Cars, Streak-Free Formula, 16 oz",143.64,12,12,0,0,70
US,B0H51RDY69,AH-PROACKIT,"CERAKOTE® Aircraft Ceramic Coating, Professional 60 ml Kit",132.95,1,1,0,0,109
US,B0F23KPC5G,AH-BNDL-ALLIN,"CERAKOTE® Car Wash and Detailing Kit, All In, 11 Piece",0,0,0,11.1,82.48,65
US,B0F3GD9G6N,AH-BNDL-FLCVR,"CERAKOTE® Car Detailing Bundle, Fully Covered, 8 Piece",0,0,0,6.21,31.83,79
US,B0CN8MFBLH,AH-PROPAINT12,"CERAKOTE® Professional Ceramic Coating for Cars, 360 ml Kit",0,0,0,4.33,0.0,30
US,B0DZDKDCDK,,,0,0,0,0,0,32
US,B0DZDW7FM3,,,0,0,0,0,0,64
US,B0DZF4M3RH,,,0,0,0,0,0,18
US,B0F2BFSMZT,AH-BNDL-PRO,"CERAKOTE® Ceramic Coating Kit for Cars, 5 Piece",0,0,0,0,0,91
US,B0F2JKWWMM,AH-BNDL-RESTOR,"CERAKOTE® Ceramic Car Detailing Kit, 6 Piece",0,0,0,0,0,65
US,B0F3G9BC3G,AH-BNDL-FNDTNA,"CERAKOTE® Ceramic Car Wash and Detailing Kit, 5 Piece",0,0,0,34.43,19.69,111
US,B0FH5GZ2JP,,,0,0,0,0,0,4
US,B0FN8BSR7R,,,0,0,0,0,0,2
US,B0FN8HFCWK,,,0,0,0,0,0,10
US,B0G4SLYJ86,,,0,0,0,0,0,7
US,B0G4SMDX97,,,0,0,0,0,0,24
US,B0G4SN8WD2,,,0,0,0,0,0,53
US,B0GH4JPRN6,,,0,0,0,0,0,498
US,B0GHPR5LJ1,,,0,0,0,0,0,111
US,B0H1SP98C3,AH-RCPV-QA,"CERAKOTE® Rapid Ceramic PPF and Vinyl Protective Sealant, 32 oz",0,0,0,0,0,30
US,B0H7TKVKDF,,,0,0,0,0,0,158
US,B0H7TNPMYM,,,0,0,0,0,0,305
US,B0HCR5GFYG,AH-PRORV12,"CERAKOTE® Professional Ceramic Coating for RVs, 360 ml Kit",0,0,0,0,0,70
US,B0FH5HJ373,,,0,0,0,0,0,3
